Drop Percentage,Average Success,Baseline,Difference
5.0,0.102,0.089,0.012999999999999998
10.0,0.105,0.089,0.016
15.0,0.105,0.089,0.016
20.0,0.125,0.089,0.036000000000000004
25.0,0.135,0.089,0.04600000000000001
30.0,0.133,0.089,0.04400000000000001
35.0,0.152,0.089,0.063
