Drop Percentage,Dropped Nodes,Avg Total Nodes Dropped,Actual Drop Percentage,Average Success,Baseline,Difference
20.0,1,1.58,17.555555555555557,0.104,0.082,0.021999999999999992
35.0,2,2.92,32.44444444444444,0.121,0.082,0.03899999999999999
50.0,3,4.17,46.33333333333333,0.132,0.082,0.05
65.0,4,5.24,58.22222222222222,0.136,0.082,0.054000000000000006
75.0,5,6.01,66.77777777777779,0.141,0.082,0.05899999999999998
