Drop Percentage,Dropped Nodes,Avg Total Nodes Dropped,Actual Drop Percentage,Average Success,Baseline,Difference
10.0,1,1.52,8.941176470588236,0.105,0.089,0.016
20.0,2,2.92,17.176470588235293,0.115,0.089,0.02600000000000001
30.0,3,4.38,25.76470588235294,0.133,0.089,0.04400000000000001
35.0,4,5.4,31.764705882352946,0.149,0.089,0.06
42.0,5,6.65,39.11764705882353,0.16,0.089,0.07100000000000001
50.0,6,7.8,45.88235294117647,0.164,0.089,0.07500000000000001
60.0,7,8.73,51.35294117647059,0.175,0.089,0.086
70.0,8,9.63,56.64705882352942,0.167,0.089,0.07800000000000001
75.0,9,10.28,60.47058823529411,0.179,0.089,0.09
85.0,10,10.88,64.0,0.171,0.089,0.08200000000000002
