Drop Percentage,Dropped Nodes,Avg Total Nodes Dropped,Actual Drop Percentage,Average Success,Baseline,Difference
10.0,1,1.59,9.352941176470589,0.048,0.042,0.005999999999999998
20.0,2,3.04,17.88235294117647,0.053,0.042,0.010999999999999996
27.0,3,4.39,25.823529411764707,0.057,0.042,0.015
35.0,4,5.64,33.17647058823529,0.061,0.042,0.018999999999999996
43.0,5,6.75,39.705882352941174,0.063,0.042,0.020999999999999998
50.0,6,7.76,45.64705882352941,0.065,0.042,0.023
65.0,7,8.68,51.05882352941177,0.067,0.042,0.025
70.0,8,9.51,55.94117647058824,0.068,0.042,0.026000000000000002
75.0,9,10.27,60.411764705882355,0.068,0.042,0.026000000000000002
