Drop Percentage,Dropped Nodes,Avg Total Nodes Dropped,Actual Drop Percentage,Average Success,Baseline,Difference
10.0,1,1.65,9.705882352941176,0.108,0.089,0.019000000000000003
30.0,3,4.61,27.11764705882353,0.133,0.089,0.04400000000000001
50.0,6,7.78,45.76470588235294,0.164,0.089,0.07500000000000001
