Drop Percentage,dropped_nodes,Average Success,Baseline,Difference
10.0,1,0.159,0.128,0.031
30.0,2,0.185,0.128,0.056999999999999995
50.0,3,0.201,0.128,0.07300000000000001
70.0,4,0.207,0.128,0.07899999999999999
