Drop Percentage,Dropped Nodes,Avg Total Nodes Dropped,Actual Drop Percentage,Average Success,Baseline,Difference
10.0,1,1.57,17.444444444444446,0.161,0.128,0.033
30.0,2,2.9,32.22222222222222,0.186,0.128,0.057999999999999996
50.0,3,4.2,46.666666666666664,0.202,0.128,0.07400000000000001
70.0,4,5.2,57.777777777777786,0.209,0.128,0.08099999999999999
85.0,5,6.02,66.88888888888889,0.212,0.128,0.08399999999999999
