Drop Percentage,dropped_nodes,Average Success,Baseline,Difference
10.0,1,0.104,0.089,0.015
30.0,3,0.142,0.089,0.05299999999999999
50.0,6,0.168,0.089,0.07900000000000001
70.0,8,0.181,0.089,0.092
