Drop Percentage,Dropped Nodes,Avg Total Nodes Dropped,Actual Drop Percentage,Average Success,Baseline,Difference
20.0,1,1.55,17.22222222222222,0.071,0.056,0.014999999999999993
35.0,2,2.92,32.44444444444444,0.082,0.056,0.026000000000000002
50.0,3,4.2,46.666666666666664,0.087,0.056,0.030999999999999993
65.0,4,5.24,58.22222222222222,0.089,0.056,0.032999999999999995
75.0,5,5.99,66.55555555555556,0.09,0.056,0.033999999999999996
