Drop Percentage,Dropped Nodes,Avg Total Nodes Dropped,Actual Drop Percentage,Average Success,Baseline,Difference
10.0,1,1.54,17.11111111111111,0.16,0.128,0.032
30.0,2,2.99,33.22222222222223,0.186,0.128,0.057999999999999996
50.0,3,4.23,47.0,0.206,0.128,0.07799999999999999
70.0,4,5.16,57.333333333333336,0.2,0.128,0.07200000000000001
