Drop Percentage,Dropped Nodes,Avg Total Nodes Dropped,Actual Drop Percentage,Average Success,Baseline,Difference
10.0,1,2.1,12.352941176470589,0.034,0.025,0.009000000000000001
20.0,2,2.7,15.882352941176473,0.032,0.025,0.006999999999999999
27.0,3,4.1,24.117647058823525,0.036,0.025,0.010999999999999996
35.0,4,5.9,34.70588235294118,0.038,0.025,0.012999999999999998
43.0,5,7.7,45.294117647058826,0.04,0.025,0.015
50.0,6,8.0,47.05882352941176,0.042,0.025,0.017
