Drop Percentage,Dropped Nodes,Avg Total Nodes Dropped,Actual Drop Percentage,Average Success,Baseline,Difference
10.0,1,1.1,6.470588235294119,0.027,0.025,0.0019999999999999983
20.0,2,3.1,18.23529411764706,0.034,0.025,0.009000000000000001
27.0,3,3.8,22.352941176470587,0.039,0.025,0.013999999999999999
35.0,4,5.6,32.94117647058823,0.037,0.025,0.011999999999999997
43.0,5,7.0,41.17647058823529,0.039,0.025,0.013999999999999999
50.0,6,8.4,49.411764705882355,0.042,0.025,0.017
