Drop Percentage,Dropped Nodes,Avg Total Nodes Dropped,Actual Drop Percentage,Average Success,Baseline,Difference
10.0,1,1.59,17.666666666666668,0.162,0.128,0.034
30.0,2,2.74,30.444444444444446,0.181,0.128,0.05299999999999999
50.0,3,4.01,44.55555555555556,0.204,0.128,0.07599999999999998
