Drop Percentage,Dropped Nodes,Avg Total Nodes Dropped,Actual Drop Percentage,Average Success,Baseline,Difference
10.0,1,1.8,10.588235294117647,0.029,0.025,0.004
20.0,2,2.6,15.294117647058824,0.03,0.025,0.0049999999999999975
27.0,3,4.5,26.47058823529412,0.037,0.025,0.011999999999999997
35.0,4,6.9,40.588235294117645,0.041,0.025,0.016
43.0,5,7.2,42.35294117647059,0.041,0.025,0.016
50.0,6,7.4,43.529411764705884,0.039,0.025,0.013999999999999999
