Drop Percentage,Dropped Nodes,Avg Total Nodes Dropped,Actual Drop Percentage,Average Success,Baseline,Difference
10.0,1,1.61,9.470588235294118,0.048,0.042,0.005999999999999998
20.0,2,3.05,17.941176470588236,0.053,0.042,0.010999999999999996
27.0,3,4.39,25.823529411764707,0.057,0.042,0.015
35.0,4,5.63,33.11764705882353,0.061,0.042,0.018999999999999996
43.0,5,6.72,39.52941176470588,0.063,0.042,0.020999999999999998
50.0,6,7.77,45.705882352941174,0.065,0.042,0.023
65.0,7,8.7,51.17647058823529,0.067,0.042,0.025
70.0,8,9.52,55.99999999999999,0.068,0.042,0.026000000000000002
75.0,9,10.28,60.47058823529411,0.068,0.042,0.026000000000000002
