Drop Percentage,Dropped Nodes,Avg Total Nodes Dropped,Actual Drop Percentage,Average Success,Baseline,Difference
10.0,1,1.1,6.470588235294119,0.028,0.025,0.002999999999999999
20.0,2,3.0,17.647058823529413,0.03,0.025,0.0049999999999999975
27.0,3,4.2,24.705882352941178,0.036,0.025,0.010999999999999996
35.0,4,5.3,31.176470588235293,0.04,0.025,0.015
43.0,5,7.4,43.529411764705884,0.041,0.025,0.016
50.0,6,8.7,51.17647058823529,0.041,0.025,0.016
