Drop Percentage,dropped_nodes,Average Success,Baseline,Difference
10.0,1,0.161,0.128,0.033
30.0,2,0.19,0.128,0.062
50.0,3,0.205,0.128,0.07699999999999999
70.0,4,0.207,0.128,0.07899999999999999
