Drop Percentage,Dropped Nodes,Avg Total Nodes Dropped,Actual Drop Percentage,Average Success,Baseline,Difference
20.0,1,1.57,17.444444444444446,0.162,0.128,0.034
35.0,2,2.89,32.111111111111114,0.187,0.128,0.059
50.0,3,4.2,46.666666666666664,0.203,0.128,0.07500000000000001
65.0,4,5.25,58.333333333333336,0.208,0.128,0.07999999999999999
75.0,5,5.99,66.55555555555556,0.211,0.128,0.08299999999999999
