Drop Percentage,Dropped Nodes,Avg Total Nodes Dropped,Actual Drop Percentage,Average Success,Baseline,Difference
10.0,1,1.6,9.411764705882353,0.106,0.089,0.017
20.0,2,3.07,18.058823529411764,0.121,0.089,0.032
27.0,3,4.42,26.0,0.134,0.089,0.04500000000000001
35.0,4,5.6,32.94117647058823,0.147,0.089,0.057999999999999996
43.0,5,6.75,39.705882352941174,0.157,0.089,0.068
50.0,6,7.75,45.588235294117645,0.165,0.089,0.07600000000000001
65.0,7,8.7,51.17647058823529,0.171,0.089,0.08200000000000002
70.0,8,9.53,56.05882352941176,0.173,0.089,0.08399999999999999
75.0,9,10.28,60.47058823529411,0.174,0.089,0.08499999999999999
