Drop Percentage,Dropped Nodes,Avg Total Nodes Dropped,Actual Drop Percentage,Average Success,Baseline,Difference
10.0,1,1.57,9.23529411764706,0.105,0.089,0.016
20.0,2,3.05,17.941176470588236,0.12,0.089,0.031
27.0,3,4.42,26.0,0.135,0.089,0.04600000000000001
35.0,4,5.65,33.235294117647065,0.147,0.089,0.057999999999999996
43.0,5,6.79,39.94117647058823,0.157,0.089,0.068
50.0,6,7.76,45.64705882352941,0.165,0.089,0.07600000000000001
65.0,7,8.72,51.294117647058826,0.172,0.089,0.08299999999999999
70.0,8,9.51,55.94117647058824,0.173,0.089,0.08399999999999999
75.0,9,10.27,60.411764705882355,0.175,0.089,0.086
