Drop Percentage,Dropped Nodes,Avg Total Nodes Dropped,Actual Drop Percentage,Average Success,Baseline,Difference
20.0,1,1.57,17.444444444444446,0.0,0.0,0.0
35.0,2,2.92,32.44444444444444,0.0,0.0,0.0
50.0,3,4.21,46.77777777777778,0.0,0.0,0.0
65.0,4,5.22,57.99999999999999,0.0,0.0,0.0
75.0,5,5.99,66.55555555555556,0.0,0.0,0.0
