Drop Percentage,Dropped Nodes,Avg Total Nodes Dropped,Actual Drop Percentage,Average Success,Baseline,Difference
20.0,1,1.57,17.444444444444446,0.161,0.128,0.033
35.0,2,2.89,32.111111111111114,0.187,0.128,0.059
50.0,3,4.2,46.666666666666664,0.203,0.128,0.07500000000000001
65.0,4,5.24,58.22222222222222,0.208,0.128,0.07999999999999999
75.0,5,6.02,66.88888888888889,0.214,0.128,0.086
