Drop Percentage,Dropped Nodes,Avg Total Nodes Dropped,Actual Drop Percentage,Average Success,Baseline,Difference
10.0,1,1.6,9.411764705882353,0.105,0.089,0.016
20.0,2,3.05,17.941176470588236,0.121,0.089,0.032
30.0,3,4.38,25.76470588235294,0.134,0.089,0.04500000000000001
35.0,4,5.62,33.05882352941176,0.147,0.089,0.057999999999999996
42.0,5,6.76,39.76470588235294,0.157,0.089,0.068
50.0,6,7.76,45.64705882352941,0.166,0.089,0.07700000000000001
60.0,7,8.71,51.235294117647065,0.17,0.089,0.08100000000000002
70.0,8,9.51,55.94117647058824,0.174,0.089,0.08499999999999999
75.0,9,10.27,60.411764705882355,0.176,0.089,0.087
85.0,10,10.9,64.11764705882354,0.175,0.089,0.086
