Drop Percentage,dropped_nodes,Average Success,Baseline,Difference
10.0,1,0.075,0.056,0.018999999999999996
30.0,2,0.08,0.056,0.024
50.0,3,0.086,0.056,0.029999999999999992
70.0,4,0.089,0.056,0.032999999999999995
